id,location_id,name,title,email,department
Before: 1,1,Susan houston,Director of Services,,
After:  1,1,Susan Houston,Director of Services,shouston1@abc.com,
Before: 2,1,Christina Gonzalez,Director,,
After:  2,1,Christina Gonzalez,Director,cgonzalez1@abc.com,
Before: 3,2,Brenda brown,"Director, Second Career Services",,
After:  3,2,Brenda Brown,"Director, Second Career Services",bbrown2@abc.com,
Before: 4,3,Howard Lader,"Manager, Senior Counseling",,
After:  4,3,Howard Lader,"Manager, Senior Counseling",hlader3@abc.com,
Before: 5,4,Kimberly Pesavento,Commercial director,,
After:  5,4,Kimberly Pesavento,Commercial director,kpesavento4@abc.com,
Before: 6,5,Joe Bloom,Financial Empowerment Programs Program Director,,
After:  6,5,Joe Bloom,Financial Empowerment Programs Program Director,jbloom5@abc.com,
Before: 7,6,peter Olson,Director,,
After:  7,6,Peter Olson,Director,polson6@abc.com,
Before: 8,6,Bart charlow,Executive Director,,
After:  8,6,Bart Charlow,Executive Director,bcharlow6@abc.com,
Before: 9,7,Bart Charlow,Executive Director,,
After:  9,7,Bart Charlow,Executive Director,bcharlow7@abc.com,
Before: 10,7,Barbara Kalt,Director,,
After:  10,7,Barbara Kalt,Director,bkalt7@abc.com,
Before: 11,8,Marilyn Baker-Venturini,Director,,
After:  11,8,Marilyn Baker-venturini,Director,mbaker-venturini8@abc.com,
Before: 12,8,Graciela Hernandez,Assistant Manager,,
After:  12,8,Graciela Hernandez,Assistant Manager,ghernandez8@abc.com,
Before: 13,8,Julie avelino,Assessment Specialist,,
After:  13,8,Julie Avelino,Assessment Specialist,javelino8@abc.com,
Before: 14,9,Dave Genesy,Library Director,,
After:  14,9,Dave Genesy,Library Director,dgenesy9@abc.com,
Before: 15,9,maria kramer,Library Divisions Manager,,
After:  15,9,Maria Kramer,Library Divisions Manager,mkramer9@abc.com,
Before: 16,10,Dave Genesy,Tester,,
After:  16,10,Dave Genesy,Tester,dgenesy10@abc.com,
Before: 17,10,Maria kramer,Library Division Manager,,
After:  17,10,Maria Kramer,Library Division Manager,mkramer10@abc.com,
Before: 18,11,Dave Genesy,Head of office,,
After:  18,11,Dave Genesy,Head of office,dgenesy11@abc.com,
Before: 19,11,Elizabeth Meeks,Branch Manager,,
After:  19,11,Elizabeth Meeks,Branch Manager,emeeks11@abc.com,
Before: 20,12,Kathy Endaya,Director,,
After:  20,12,Kathy Endaya,Director,kendaya12@abc.com,
Before: 21,13,dave genesy,Library Director,,
After:  21,13,Dave Genesy,Library Director,dgenesy13@abc.com,
Before: 22,14,Andres Espinoza,"Manager, Commanding Officer",,
After:  22,14,Andres Espinoza,"Manager, Commanding Officer",aespinoza14@abc.com,
Before: 23,15,Jack Phillips,Administrator,,
After:  23,15,Jack Phillips,Administrator,jphillips15@abc.com,
Before: 24,16,James Lee,Commanding Officer,,
After:  24,16,James Lee,Commanding Officer,jlee16@abc.com,
Before: 25,17,Kenneth Gibson,Tester,,
After:  25,17,Kenneth Gibson,Tester,kgibson17@abc.com,
Before: 26,18,Sharon Petersen,Administrator,,
After:  26,18,Sharon Petersen,Administrator,spetersen18@abc.com,
Before: 27,19,Sharon Petersen,Administrator,,
After:  27,19,Sharon Petersen,Administrator,spetersen19@abc.com,
Before: 28,21,Moncef Salah,Tester,,Office of Innovation
After:  28,21,Moncef Salah,Tester,msalah21@abc.com,Office of Innovation
Before: 29,22,Suzanne Badenhoop,Tester,suzanne@example.com,Referrals
After:  29,22,Suzanne Badenhoop,Tester,sbadenhoop22@abc.com,Referrals
Before: 30,20,Sean Houston,Director of new Services,,
After:  30,20,Sean Houston,Director of new Services,shouston20@abc.com,
Before: 31,8,David Genesy,Account Manager,,
After:  31,8,David Genesy,Account Manager,dgenesy8@abc.com,
Before: 32,8,Elizabeth Feeney,CEO,e.feeney@foobar.org,Operations
After:  32,8,Elizabeth Feeney,CEO,efeeney8@abc.com,Operations
Before: 33,8,Erika Meeks,Tester,e.meeks@foobar.org,Operations
After:  33,8,Erika Meeks,Tester,emeeks8@abc.com,Operations
